beneficiary_no,applicant_name,yearly_income,verification_status,citizen_ref,last_updated
BEN1001,Rohan Prajapati,180000,VERIFIED,CIT-1001,12/04/2026
BEN1002,Aditya Sharma,145000,PENDING,CIT-1002,03/03/2026
BEN1003,Priya Patil,96000,VERIFIED,CIT-1003,28/02/2026
BEN1004,Sneha Kulkarni,,VERIFIED,CIT-1004,15/01/2026
BEN1005,Arjun Deshmukh,480000,REJECTED,CIT-1005,09/04/2026
BEN1006,Meera Iyer,132000,VERIFIED,CIT-1006,22/03/2026
BEN1007,Kabir Joshi,175000,VERIFIED,CIT-1007,11/02/2026
BEN1008,Ananya Rao,158000,VERIFIED,CIT-1008,30/03/2026
BEN1009,Vikram Shinde,"2,05,000",VERIFIED,CIT-1009,18/04/2026
BEN1010,Fatima Shaikh,120000,VERIFIED,CIT-1010,05/04/2026
